{"0":{"0":-0.1692878418,"1":-0.4638420086,"2":0.1802201882,"3":-0.6702419516,"4":-0.647957916},"1":{"0":-0.0804524358,"1":-0.356138472,"2":0.91295584,"3":-0.6131663632,"4":1.0957965574},"2":{"0":-1.4081398918,"1":-0.5204233571,"2":-0.6021327312,"3":-0.6464571666,"4":-0.3989563867},"3":{"0":-0.9147742775,"1":0.9416985415,"2":-0.4725361219,"3":-0.0875947748,"4":1.286461383},"4":{"0":-0.0701563584,"1":0.2661358714,"2":0.1227358317,"3":0.4836700742,"4":-0.1540013551}}